variable,type,index
ME_M1,module,0
ME_M10,module,1
ME_M100,module,2
ME_M101,module,3
ME_M102,module,4
ME_M103,module,5
ME_M104,module,6
ME_M105,module,7
ME_M106,module,8
ME_M107,module,9
ME_M108,module,10
ME_M109,module,11
ME_M11,module,12
ME_M110,module,13
ME_M111,module,14
ME_M112,module,15
ME_M113,module,16
ME_M114,module,17
ME_M115,module,18
ME_M116,module,19
ME_M117,module,20
ME_M118,module,21
ME_M119,module,22
ME_M12,module,23
ME_M120,module,24
ME_M121,module,25
ME_M122,module,26
ME_M123,module,27
ME_M124,module,28
ME_M125,module,29
ME_M126,module,30
ME_M127,module,31
ME_M128,module,32
ME_M129,module,33
ME_M13,module,34
ME_M130,module,35
ME_M131,module,36
ME_M132,module,37
ME_M133,module,38
ME_M134,module,39
ME_M135,module,40
ME_M136,module,41
ME_M137,module,42
ME_M138,module,43
ME_M139,module,44
ME_M14,module,45
ME_M140,module,46
ME_M141,module,47
ME_M142,module,48
ME_M143,module,49
ME_M144,module,50
ME_M145,module,51
ME_M146,module,52
ME_M147,module,53
ME_M148,module,54
ME_M149,module,55
ME_M15,module,56
ME_M150,module,57
ME_M151,module,58
ME_M152,module,59
ME_M153,module,60
ME_M154,module,61
ME_M155,module,62
ME_M156,module,63
ME_M157,module,64
ME_M158,module,65
ME_M159,module,66
ME_M16,module,67
ME_M160,module,68
ME_M161,module,69
ME_M162,module,70
ME_M163,module,71
ME_M164,module,72
ME_M165,module,73
ME_M166,module,74
ME_M167,module,75
ME_M168,module,76
ME_M169,module,77
ME_M17,module,78
ME_M170,module,79
ME_M171,module,80
ME_M172,module,81
ME_M173,module,82
ME_M174,module,83
ME_M175,module,84
ME_M176,module,85
ME_M177,module,86
ME_M178,module,87
ME_M179,module,88
ME_M18,module,89
ME_M180,module,90
ME_M181,module,91
ME_M182,module,92
ME_M183,module,93
ME_M184,module,94
ME_M185,module,95
ME_M186,module,96
ME_M187,module,97
ME_M188,module,98
ME_M189,module,99
ME_M19,module,100
ME_M190,module,101
ME_M191,module,102
ME_M192,module,103
ME_M193,module,104
ME_M194,module,105
ME_M195,module,106
ME_M196,module,107
ME_M197,module,108
ME_M198,module,109
ME_M199,module,110
ME_M2,module,111
ME_M20,module,112
ME_M200,module,113
ME_M201,module,114
ME_M202,module,115
ME_M203,module,116
ME_M204,module,117
ME_M205,module,118
ME_M206,module,119
ME_M207,module,120
ME_M208,module,121
ME_M209,module,122
ME_M21,module,123
ME_M210,module,124
ME_M211,module,125
ME_M212,module,126
ME_M213,module,127
ME_M214,module,128
ME_M215,module,129
ME_M216,module,130
ME_M217,module,131
ME_M218,module,132
ME_M219,module,133
ME_M22,module,134
ME_M220,module,135
ME_M221,module,136
ME_M222,module,137
ME_M223,module,138
ME_M224,module,139
ME_M225,module,140
ME_M226,module,141
ME_M227,module,142
ME_M228,module,143
ME_M229,module,144
ME_M23,module,145
ME_M230,module,146
ME_M231,module,147
ME_M232,module,148
ME_M233,module,149
ME_M234,module,150
ME_M235,module,151
ME_M236,module,152
ME_M237,module,153
ME_M238,module,154
ME_M239,module,155
ME_M24,module,156
ME_M240,module,157
ME_M241,module,158
ME_M242,module,159
ME_M243,module,160
ME_M244,module,161
ME_M245,module,162
ME_M246,module,163
ME_M247,module,164
ME_M248,module,165
ME_M249,module,166
ME_M25,module,167
ME_M250,module,168
ME_M251,module,169
ME_M252,module,170
ME_M253,module,171
ME_M254,module,172
ME_M255,module,173
ME_M256,module,174
ME_M257,module,175
ME_M258,module,176
ME_M259,module,177
ME_M26,module,178
ME_M260,module,179
ME_M261,module,180
ME_M262,module,181
ME_M263,module,182
ME_M264,module,183
ME_M265,module,184
ME_M266,module,185
ME_M267,module,186
ME_M268,module,187
ME_M269,module,188
ME_M27,module,189
ME_M270,module,190
ME_M271,module,191
ME_M272,module,192
ME_M273,module,193
ME_M274,module,194
ME_M275,module,195
ME_M276,module,196
ME_M277,module,197
ME_M278,module,198
ME_M279,module,199
ME_M28,module,200
ME_M280,module,201
ME_M281,module,202
ME_M282,module,203
ME_M283,module,204
ME_M284,module,205
ME_M285,module,206
ME_M286,module,207
ME_M287,module,208
ME_M288,module,209
ME_M289,module,210
ME_M29,module,211
ME_M290,module,212
ME_M291,module,213
ME_M292,module,214
ME_M293,module,215
ME_M294,module,216
ME_M295,module,217
ME_M296,module,218
ME_M297,module,219
ME_M298,module,220
ME_M299,module,221
ME_M3,module,222
ME_M30,module,223
ME_M300,module,224
ME_M301,module,225
ME_M302,module,226
ME_M303,module,227
ME_M304,module,228
ME_M305,module,229
ME_M306,module,230
ME_M307,module,231
ME_M308,module,232
ME_M309,module,233
ME_M31,module,234
ME_M310,module,235
ME_M311,module,236
ME_M312,module,237
ME_M313,module,238
ME_M314,module,239
ME_M315,module,240
ME_M316,module,241
ME_M317,module,242
ME_M318,module,243
ME_M319,module,244
ME_M32,module,245
ME_M320,module,246
ME_M321,module,247
ME_M322,module,248
ME_M323,module,249
ME_M324,module,250
ME_M325,module,251
ME_M326,module,252
ME_M327,module,253
ME_M328,module,254
ME_M329,module,255
ME_M33,module,256
ME_M330,module,257
ME_M331,module,258
ME_M332,module,259
ME_M333,module,260
ME_M334,module,261
ME_M335,module,262
ME_M336,module,263
ME_M337,module,264
ME_M338,module,265
ME_M339,module,266
ME_M34,module,267
ME_M340,module,268
ME_M341,module,269
ME_M342,module,270
ME_M343,module,271
ME_M344,module,272
ME_M345,module,273
ME_M346,module,274
ME_M347,module,275
ME_M348,module,276
ME_M349,module,277
ME_M35,module,278
ME_M350,module,279
ME_M351,module,280
ME_M352,module,281
ME_M353,module,282
ME_M354,module,283
ME_M355,module,284
ME_M356,module,285
ME_M357,module,286
ME_M358,module,287
ME_M359,module,288
ME_M36,module,289
ME_M360,module,290
ME_M361,module,291
ME_M362,module,292
ME_M363,module,293
ME_M364,module,294
ME_M365,module,295
ME_M366,module,296
ME_M367,module,297
ME_M368,module,298
ME_M369,module,299
ME_M37,module,300
ME_M370,module,301
ME_M371,module,302
ME_M372,module,303
ME_M373,module,304
ME_M374,module,305
ME_M375,module,306
ME_M376,module,307
ME_M377,module,308
ME_M378,module,309
ME_M379,module,310
ME_M38,module,311
ME_M380,module,312
ME_M381,module,313
ME_M382,module,314
ME_M383,module,315
ME_M384,module,316
ME_M385,module,317
ME_M386,module,318
ME_M387,module,319
ME_M388,module,320
ME_M389,module,321
ME_M39,module,322
ME_M390,module,323
ME_M391,module,324
ME_M392,module,325
ME_M393,module,326
ME_M394,module,327
ME_M395,module,328
ME_M396,module,329
ME_M397,module,330
ME_M398,module,331
ME_M399,module,332
ME_M4,module,333
ME_M40,module,334
ME_M400,module,335
ME_M401,module,336
ME_M402,module,337
ME_M403,module,338
ME_M404,module,339
ME_M405,module,340
ME_M406,module,341
ME_M407,module,342
ME_M408,module,343
ME_M409,module,344
ME_M41,module,345
ME_M410,module,346
ME_M411,module,347
ME_M412,module,348
ME_M413,module,349
ME_M414,module,350
ME_M415,module,351
ME_M416,module,352
ME_M417,module,353
ME_M418,module,354
ME_M419,module,355
ME_M42,module,356
ME_M420,module,357
ME_M421,module,358
ME_M422,module,359
ME_M423,module,360
ME_M424,module,361
ME_M425,module,362
ME_M426,module,363
ME_M427,module,364
ME_M428,module,365
ME_M429,module,366
ME_M43,module,367
ME_M430,module,368
ME_M431,module,369
ME_M432,module,370
ME_M433,module,371
ME_M434,module,372
ME_M435,module,373
ME_M436,module,374
ME_M437,module,375
ME_M438,module,376
ME_M439,module,377
ME_M44,module,378
ME_M440,module,379
ME_M441,module,380
ME_M442,module,381
ME_M443,module,382
ME_M444,module,383
ME_M445,module,384
ME_M446,module,385
ME_M447,module,386
ME_M448,module,387
ME_M449,module,388
ME_M45,module,389
ME_M450,module,390
ME_M451,module,391
ME_M452,module,392
ME_M453,module,393
ME_M454,module,394
ME_M455,module,395
ME_M456,module,396
ME_M457,module,397
ME_M458,module,398
ME_M459,module,399
ME_M46,module,400
ME_M460,module,401
ME_M461,module,402
ME_M462,module,403
ME_M463,module,404
ME_M464,module,405
ME_M465,module,406
ME_M466,module,407
ME_M467,module,408
ME_M468,module,409
ME_M469,module,410
ME_M47,module,411
ME_M470,module,412
ME_M471,module,413
ME_M472,module,414
ME_M473,module,415
ME_M474,module,416
ME_M475,module,417
ME_M476,module,418
ME_M477,module,419
ME_M478,module,420
ME_M479,module,421
ME_M48,module,422
ME_M480,module,423
ME_M481,module,424
ME_M482,module,425
ME_M483,module,426
ME_M484,module,427
ME_M485,module,428
ME_M486,module,429
ME_M487,module,430
ME_M488,module,431
ME_M489,module,432
ME_M49,module,433
ME_M490,module,434
ME_M491,module,435
ME_M492,module,436
ME_M493,module,437
ME_M494,module,438
ME_M495,module,439
ME_M496,module,440
ME_M497,module,441
ME_M498,module,442
ME_M499,module,443
ME_M5,module,444
ME_M50,module,445
ME_M500,module,446
ME_M501,module,447
ME_M502,module,448
ME_M51,module,449
ME_M52,module,450
ME_M53,module,451
ME_M54,module,452
ME_M55,module,453
ME_M56,module,454
ME_M57,module,455
ME_M58,module,456
ME_M59,module,457
ME_M6,module,458
ME_M60,module,459
ME_M61,module,460
ME_M62,module,461
ME_M63,module,462
ME_M64,module,463
ME_M65,module,464
ME_M66,module,465
ME_M67,module,466
ME_M68,module,467
ME_M69,module,468
ME_M7,module,469
ME_M70,module,470
ME_M71,module,471
ME_M72,module,472
ME_M73,module,473
ME_M74,module,474
ME_M75,module,475
ME_M76,module,476
ME_M77,module,477
ME_M78,module,478
ME_M79,module,479
ME_M8,module,480
ME_M80,module,481
ME_M81,module,482
ME_M82,module,483
ME_M83,module,484
ME_M84,module,485
ME_M85,module,486
ME_M86,module,487
ME_M87,module,488
ME_M88,module,489
ME_M89,module,490
ME_M9,module,491
ME_M90,module,492
ME_M91,module,493
ME_M92,module,494
ME_M93,module,495
ME_M94,module,496
ME_M95,module,497
ME_M96,module,498
ME_M97,module,499
ME_M98,module,500
ME_M99,module,501
PHENO_fu_year,phenotype,502
PHENO_dcfdx,phenotype,503
PHENO_r_pd,phenotype,504
PHENO_r_stroke,phenotype,505
PHENO_cogn_ep,phenotype,506
PHENO_cogn_po,phenotype,507
PHENO_cogn_ps,phenotype,508
PHENO_cogn_se,phenotype,509
PHENO_cogn_wo,phenotype,510
PHENO_cogn_global,phenotype,511
PHENO_mem_trbl_tot,phenotype,512
PHENO_cts_estmmse30,phenotype,513
PHENO_age_at_visit,phenotype,514
PHENO_cesdsum,phenotype,515
PHENO_iadlsum,phenotype,516
PHENO_katzsum,phenotype,517
PHENO_rosbsum,phenotype,518
PHENO_late_life_cogact_freq,phenotype,519
PHENO_bmi,phenotype,520
PHENO_phys5itemsum,phenotype,521
PHENO_late_life_soc_act,phenotype,522
PHENO_soc_net,phenotype,523
PHENO_social_isolation,phenotype,524
PHENO_dbp_avg,phenotype,525
PHENO_hypertension_cum,phenotype,526
PHENO_sbp_avg,phenotype,527
PHENO_diabetes_sr_rx,phenotype,528
PHENO_claudication_cum,phenotype,529
PHENO_heart_cum,phenotype,530
PHENO_stroke_cum,phenotype,531
PHENO_vasc_3dis_sum,phenotype,532
PHENO_vasc_risks_sum,phenotype,533
PHENO_motor_dexterity,phenotype,534
PHENO_motor_gait,phenotype,535
PHENO_motor_handstreng,phenotype,536
PHENO_motor10,phenotype,537
PHENO_gaitsc,phenotype,538
PHENO_vision,phenotype,539
PHENO_purpose_total,phenotype,540
PHENO_satis1,phenotype,541
PHENO_satis2,phenotype,542
PHENO_satisfaction,phenotype,543
PHENO_timehoriz,phenotype,544
PHENO_wellbeing,phenotype,545
PHENO_apoe_genotype,phenotype,546
PHENO_age_first_ad_dx,phenotype,547
PHENO_cogdx,phenotype,548
PHENO_age_bl,phenotype,549
PHENO_age_death,phenotype,550
PHENO_educ,phenotype,551
PHENO_marital_now_bl,phenotype,552
PHENO_msex,phenotype,553
PHENO_race7,phenotype,554
PHENO_spanish,phenotype,555
PHENO_ldai_bl,phenotype,556
PHENO_smoking_bl,phenotype,557
PHENO_cancer_bl,phenotype,558
PHENO_headinjrloc_bl,phenotype,559
PHENO_med_con_sum_bl,phenotype,560
PHENO_thyroid_bl,phenotype,561
PHENO_a_score_st4,phenotype,562
PHENO_ad_adnc,phenotype,563
PHENO_adnc,phenotype,564
PHENO_b_score,phenotype,565
PHENO_braaksc,phenotype,566
PHENO_c_score,phenotype,567
PHENO_ceradsc,phenotype,568
PHENO_gpath,phenotype,569
PHENO_pmi,phenotype,570
PHENO_amylsqrt_est_8reg,phenotype,571
PHENO_hip_scl_yn_mid,phenotype,572
PHENO_lewydx_st4,phenotype,573
PHENO_tangsqrt_est_8reg,phenotype,574
PHENO_tdp_st4,phenotype,575
PHENO_arteriol_scler,phenotype,576
PHENO_caa_4gp,phenotype,577
PHENO_cvda_4gp2,phenotype,578
PHENO_ci_num2_gct,phenotype,579
PHENO_ci_num2_mct,phenotype,580
PHENO_early_hh_ses,phenotype,581
PHENO_income_bl,phenotype,582
PHENO_pseudotime,phenotype,583
PHENO_subtype,phenotype,584
PHENO_clusters,phenotype,585
PHENO_cogng_path_slope,phenotype,586
